d,glon,glat
0.13,158.48641,0.47187
0.22,36.16128,-57.11823
0.37,158.92265,17.85600
0.39,26.90020,4.41500
0.41,60.83604,-3.69623
0.45,220.36342,-53.93359
0.5,118.86345,-74.70908
0.51,80.35552,-10.40937
0.53,318.46265,41.49967
0.54,205.13863,14.24122
0.55,165.53375,-15.28839
0.56,85.36590,52.34926
0.58,339.89643,88.45726
0.58,222.13666,3.91850
0.62,219.13294,31.29050
0.62,255.81859,10.94001
0.63,136.38080,5.55255
0.63,221.58841,46.37071
0.66,227.32013,12.93431
0.68,215.57024,-30.85473
0.7,283.90335,9.72581
0.7,259.15001,0.94080
0.74,63.17009,13.97818
0.75,72.66262,-17.15192
0.78,261.05096,32.05009
0.79,128.04869,-4.06866
0.81,255.32107,-59.62009
0.83,138.13345,4.11932
0.83,197.40507,-6.44225
0.85,107.72769,7.80878
0.86,215.69872,3.62138
0.87,148.48945,57.04999
0.88,8.07584,3.90484
0.89,41.84076,-2.98746
0.89,144.56011,6.55077
0.91,46.83177,3.84476
0.92,84.92983,-3.49648
0.92,272.11394,12.39732
0.93,294.11356,43.62538
0.95,258.50889,-1.28878
0.97,93.41323,5.49265
1.01,104.20753,-29.64162
1.03,19.84203,-23.78173
1.05,6.76760,-2.25246
1.06,130.93430,-10.50391
1.07,349.36177,-4.22338
1.1,215.72260,-3.98610
1.11,307.20599,-3.45240
1.12,25.41798,-4.71344
1.12,335.58395,12.44773
1.12,217.17512,14.75247
1.15,120.01620,9.86807
1.15,120.27740,-5.38766
1.15,69.47555,-2.62239
1.17,238.02233,34.86425
1.17,349.50850,1.05584
1.17,15.50040,2.82440
1.19,329.07875,1.95714
1.19,106.55958,-17.60132
1.19,149.49955,-9.27663
1.19,164.80645,31.18096
1.22,45.74897,-4.58867
1.22,248.70776,29.53962
1.23,312.14709,0.37140
1.23,38.71114,1.97215
1.24,316.35739,8.84550
1.26,107.84365,2.31518
1.26,332.91517,-9.90835
1.27,158.80215,37.17946
1.28,215.21198,-24.28369
1.28,33.15871,-6.38744
1.3,136.09865,4.93398
1.3,197.87843,17.40022
1.32,341.84400,5.43856
1.32,342.18147,10.85296
1.32,236.51209,2.00821
1.36,129.61201,3.44956
1.34,283.67199,25.31413
1.34,245.19141,-5.57000
1.35,314.58359,-1.07140
1.37,244.60298,12.56388
1.37,2.71149,-52.44003
1.4,302.12881,0.33890
1.4,359.35674,-0.97993
1.4,83.56175,12.79227
1.41,107.03578,21.38399
1.41,29.07837,0.45429
1.43,283.44611,-1.39450
1.44,17.30518,-21.97183
1.36,37.76235,-34.57151
1.45,349.35187,-1.11527
1.45,7.73143,1.22486
1.46,173.77600,-5.87240
1.46,13.34100,1.18233
1.48,321.04827,3.98846
1.49,317.13804,-5.71543
1.52,36.05432,-1.36653
1.52,64.78540,5.01941
1.53,84.99777,4.48809
1.53,268.96846,-0.48650
1.54,138.81678,2.80450
1.55,96.46795,29.95449
1.55,2.43210,5.84700
1.55,44.32250,10.47965
1.56,76.32475,14.11584
1.56,47.17662,-4.29422
1.56,276.22870,0.42000
1.56,20.90340,-11.37360
1.57,47.05174,42.48258
1.57,272.83871,1.03254
1.6,277.15012,-3.83077
1.61,77.69942,14.77839
1.61,358.58227,2.68724
1.62,315.44589,-8.48700
1.62,82.11727,-7.80141
1.62,61.49130,-9.57111
1.63,242.37333,-2.45169
1.65,325.38199,-2.91580
1.65,9.40698,-5.04904
1.67,89.00227,0.37542
1.68,313.89789,10.35017
1.7,329.80460,-2.11030
1.7,55.41349,16.03073
1.72,327.81810,10.08008
1.73,337.03168,8.45334
1.73,33.24156,-4.00784
1.74,329.55420,1.75853
1.74,289.01959,3.33600
1.74,286.52392,11.78999
1.75,25.85858,-17.91124
1.75,345.47936,0.14026
1.77,335.49208,-1.10305
1.77,234.83813,2.42105
1.79,39.82766,2.16658
1.79,114.06704,-4.67121
1.8,88.78003,-1.68024
1.8,75.99890,11.65043
1.8,319.68657,15.74062
1.81,19.69500,-10.73170
1.81,216.09582,7.47588
1.81,63.92773,-1.21192
1.81,351.09233,-10.47499
1.82,79.88882,-10.26385
1.82,66.77812,-28.20216
1.83,258.06813,-15.74783
1.85,24.21869,5.93293
1.85,124.29823,-7.78140
1.86,290.50521,7.92708
1.86,34.62334,11.84781
1.86,86.19068,5.46009
1.86,302.61088,-0.96329
1.87,67.56610,1.86052
1.87,231.80147,4.11688
1.88,298.39204,-4.85503
1.92,310.38269,24.77250
1.92,81.29582,-14.91225
1.94,94.02572,27.42832
1.95,104.11851,7.91302
1.95,358.50403,-7.33817
1.95,294.96571,-0.69477
1.95,166.15635,10.47551
1.95,321.63206,2.23193
1.95,342.95460,-2.04856
1.95,112.91451,-10.22958
1.97,287.96100,-4.42120
1.98,358.53589,5.47092
1.98,102.82766,-5.01904
1.99,352.67479,0.14393
2,103.22343,0.67499
2,59.79458,-18.72935
2,341.60459,13.70416
2.01,15.62880,-3.01076
2.01,153.76998,22.83219
2.01,352.82789,-0.25939
2.04,20.70550,-8.05350
2.04,206.47680,-40.56458
2.05,293.61392,10.96436
2.06,53.39580,3.06024
2.23,177.05972,0.57932
2.08,13.88372,-2.81234
2.09,37.97270,-3.49648
2.1,247.57730,-4.70430
2.1,43.10913,37.75918
2.1,285.79894,-14.95174
2.1,315.02959,-0.37060
2.12,101.85572,8.74989
2.12,299.49100,-4.12427
2.12,277.71352,-3.55648
2.13,16.00449,13.59427
2.13,204.02396,-8.51598
2.09,75.56997,1.72356
2.14,317.29190,8.61260
2.14,284.53140,3.83680
2.14,196.68462,-10.94228
2.15,292.51616,3.92320
2.15,296.62347,-20.04212
2.15,307.32281,2.03010
2.15,189.15657,19.84315
2.17,315.99310,8.23550
2.17,234.95110,-9.72350
2.17,89.83875,-0.63900
2.17,272.40584,-5.96952
2.32,40.37035,-0.47521
2.19,276.22800,-6.61198
2.19,54.48448,0.57117
2.19,23.82640,-6.20950
2.2,1.59036,-6.71758
2.2,294.68946,4.70756
2.2,286.87724,-29.57686
2.21,68.63050,1.17871
2.21,9.65492,14.81370
2.22,342.51392,-14.31315
2.22,66.50716,-14.89751
2.23,25.33353,40.83609
2.24,358.95945,-0.72143
2.24,350.14281,-3.91156
2.25,279.60785,-3.18656
2.25,123.65090,34.53868
2.25,198.67186,-6.32010
2.26,27.08750,1.55750
2.27,20.99917,-1.12485
2.29,308.65696,-12.28205
2.3,311.04564,2.47752
2.3,322.49132,-2.61133
2.3,245.07640,2.21410
2.31,110.65993,-1.21316
2.31,0.36191,12.21475
2.33,329.38324,-2.87164
2.34,116.29400,8.53137
2.36,309.29571,1.39097
2.37,86.51913,1.82833
2.37,16.45097,-1.97524
2.38,228.21358,-22.14229
2.39,292.65624,1.23815
2.39,65.91348,0.59670
2.4,10.09879,0.73956
2.4,53.89099,-3.02670
2.4,219.24726,7.58853
2.41,261.61432,3.00505
2.42,54.19697,-12.11220
2.42,208.55783,33.28909
2.43,288.44300,0.38161
2.43,8.33499,-1.10379
2.43,17.61650,-10.24190
2.44,265.75170,4.10130
2.44,278.15916,-5.93638
2.44,93.98709,-0.11790
2.45,36.06230,17.62030
2.45,315.10804,-13.08128
2.47,326.41462,6.99297
2.47,131.58700,2.64257
2.47,321.88110,1.95246
2.47,318.35215,-2.58072
2.49,208.90254,-7.82451
2.5,322.58000,-5.26315
2.5,60.33217,-7.39255
2.5,334.39117,-9.34571
2.51,144.81069,65.84625
2.52,227.15810,0.54220
2.52,312.36678,10.57063
2.53,298.78008,-7.54331
2.53,354.54770,-3.94970
2.55,239.62840,13.94772
2.56,286.27829,-6.94876
2.56,93.37805,-2.45431
2.56,315.94489,0.33120
2.57,283.94085,-1.85196
2.57,309.00270,-4.24146
2.58,130.27700,1.39738
2.59,231.18941,3.90520
2.59,356.88247,-11.73131
2.59,286.30109,-4.86871
2.6,11.27740,-9.11832
2.6,33.80713,-2.69230
2.61,320.99465,2.09181
2.62,119.15652,12.47557
2.62,309.11318,-4.39552
2.63,216.04764,-0.24721
2.63,307.54948,-4.94187
2.63,95.25691,7.80194
2.64,253.57702,10.77974
2.64,105.77549,2.26417
2.64,7.27546,1.84428
2.64,3.17079,2.92864
2.64,11.74361,-0.64974
2.65,306.41390,-0.68914
2.66,209.17543,-8.22204
2.66,257.53035,0.63414
2.67,306.70639,6.65470
2.68,66.94843,-7.82057
2.68,100.47925,4.67834
2.68,358.62329,2.01060
2.7,296.08221,-6.23270
2.7,345.23745,-8.83497
2.7,29.22740,-5.94195
2.72,49.41022,2.47518
2.73,219.54080,2.89270
2.73,346.26100,-8.21933
2.75,249.87090,7.10350
2.75,157.11691,4.43473
2.75,34.58995,-6.72963
2.75,12.55270,4.33090
2.76,323.12164,-2.56423
2.76,214.96654,7.81491
2.77,225.41949,0.45180
2.77,311.72839,-0.95610
2.77,68.85755,-0.04165
2.78,215.63226,11.17534
2.78,174.24782,-14.60467
2.78,221.32392,-12.39431
2.78,3.92290,-2.32284
2.79,219.12450,3.09490
2.8,348.09369,-0.33340
2.8,331.52940,-3.90215
2.81,353.39778,-8.31948
2.82,330.25475,5.92699
2.83,139.01459,3.27412
2.84,260.15188,0.24780
2.85,71.62836,-2.36180
2.85,338.80422,5.68142
2.86,27.92143,-1.45536
2.86,27.64927,16.92376
2.88,55.50702,-0.55794
2.88,84.20035,1.09115
2.88,281.01081,-5.69688
2.89,328.58900,6.23792
2.9,10.81805,-1.82700
2.9,89.38398,-2.26632
2.91,305.61689,-13.12720
2.91,340.86853,10.81987
2.92,249.38300,-5.50060
2.93,349.51040,2.09238
2.93,299.05084,18.47898
2.94,11.78990,-0.10219
2.94,25.02630,-11.66321
2.94,3.55318,-2.44196
2.96,27.47868,-0.96342
2.97,24.25290,-5.20898
2.97,149.17570,8.79329
2.98,356.53115,-2.39402
2.99,333.42904,1.18713
2.99,280.14169,-5.12480
2.99,345.27658,-1.24888
3,261.98284,8.58423
3,327.19496,-2.20438
3,135.67393,1.00381
3.01,338.19933,-8.38365
3.01,18.03403,-2.21302
3.02,171.30011,-25.81285
3.03,224.39501,15.31181
3.03,33.01107,-5.29136
3.03,310.62397,1.47209
3.03,343.99186,0.83519
3.04,211.46859,18.46139
3.04,317.84219,3.39599
3.04,250.68600,9.34760
3.05,33.88890,1.52400
3.05,5.13792,-8.90308
3.05,300.42898,-0.98209
3.06,235.74780,7.16060
3.06,332.07939,-3.36122
3.06,359.93280,5.18882
3.07,319.50620,-1.01130
3.09,346.97827,12.46440
3.1,118.79495,8.23861
3.12,17.02326,11.09557
3.13,298.27229,-1.72069
3.13,349.68210,3.11080
3.13,160.56362,-0.54042
3.14,45.60389,24.31775
3.15,18.78887,-1.88599
3.15,313.89448,-12.61850
3.15,43.32550,2.29250
3.17,335.25175,-3.62075
3.17,321.17719,-5.16080
3.17,253.97101,5.77763
3.17,232.83664,-4.73009
3.18,3.53170,-4.62119
3.18,93.36129,-0.99007
3.19,1.03351,1.97821
3.21,51.89951,-2.60031
3.22,43.31089,3.54235
3.22,3.04690,-1.76920
3.22,11.97689,4.23427
3.24,17.90900,-4.83120
3.25,27.70174,0.70465
3.26,58.61290,6.17479
3.26,310.75800,-2.94521
3.27,355.61639,-2.39090
3.29,307.44641,0.69080
3.29,349.17679,-1.76650
3.3,193.64699,-9.57470
3.3,82.13555,7.09350
3.3,102.98161,-2.32185
3.3,3.52840,2.67470
3.31,285.46239,-5.37554
3.32,258.13618,-0.39144
3.33,243.37997,-1.03842
3.33,283.89672,2.26831
3.35,302.24724,2.52674
3.35,27.39070,-3.39933
3.36,328.55301,6.06560
3.37,294.13314,14.45012
3.38,109.40054,7.72018
3.38,247.88800,4.98790
3.39,304.20144,5.95445
3.39,342.74434,0.75179
3.4,289.87700,1.29662
3.4,345.50633,15.11400
3.41,318.38184,-2.06196
3.41,296.38931,3.14140
3.42,161.27735,-14.89083
3.42,238.41800,-1.86493
3.43,352.87311,-0.51540
3.43,302.78119,-0.90980
3.47,342.96423,-4.90994
3.47,64.66782,48.30008
3.47,0.77841,-6.18576
3.48,293.61224,1.20141
3.49,299.51476,2.46842
3.5,335.42520,-1.93580
3.5,6.07972,3.15276
3.51,330.98563,4.39053
3.52,238.56750,1.73670
3.52,316.16997,8.45121
3.52,356.67520,-1.91520
3.53,2.73861,-4.85149
3.53,232.17680,-0.13050
3.53,350.94061,-2.90270
3.53,60.04569,-4.33425
3.54,14.02392,4.81828
3.54,69.79969,0.00398
3.54,264.16481,-8.14250
3.55,1.63116,-1.31708
3.55,103.79293,0.45432
3.55,74.55230,2.11388
3.55,167.04351,-0.97246
3.56,311.47555,2.85052
3.57,289.89000,1.26606
3.58,331.54294,-2.78831
3.59,328.35739,0.76610
3.59,45.49815,-2.70310
3.6,320.13415,-9.65800
3.6,351.17050,-3.90740
3.6,34.57579,-11.74823
3.6,275.08438,-4.16153
3.61,119.49953,6.55870
3.62,359.28036,-33.50450
3.62,65.25808,-5.69059
3.62,23.92815,-2.34413
3.63,359.73944,-1.80099
3.63,323.95630,2.45807
3.64,51.57421,6.11419
3.66,48.77153,1.99286
3.66,46.33878,-3.19541
3.66,6.11830,1.53210
3.66,333.48701,-4.05696
3.66,54.40084,-2.57153
3.67,1.39800,6.38480
3.69,359.11559,-1.71990
3.69,316.91620,4.12160
3.69,63.76218,0.72771
3.7,62.45739,9.55738
3.7,150.07382,-0.30843
3.7,42.58978,-14.52777
3.7,290.11021,-0.43389
3.72,48.08823,-2.38838
3.74,16.06601,-4.38965
3.74,330.63863,-3.61664
3.75,28.59686,1.65706
3.75,358.34606,-21.60520
3.76,197.37333,2.70781
3.76,250.37267,0.15150
3.76,14.75080,-11.88452
3.77,345.32104,-10.21530
3.77,26.74970,-1.21830
3.78,241.09189,2.35348
3.78,204.80576,2.74952
3.78,285.66852,-2.74303
3.79,326.04721,-2.46460
3.8,284.26151,-5.32860
3.8,312.61249,-1.89985
3.82,331.44811,0.56260
3.82,31.90733,-0.30973
3.82,60.55730,-5.83509
3.82,26.86264,-0.55099
3.83,0.23061,-1.92971
3.83,336.98020,-11.58073
3.83,336.22017,1.97288
3.86,189.18318,-7.69665
3.86,300.58885,-1.10867
3.86,324.08609,3.53116
3.87,355.89800,-4.43392
3.87,329.81009,-3.00780
3.88,319.21432,6.80663
3.88,36.08849,-1.47568
3.88,122.15193,-4.90318
3.89,69.21438,3.80787
3.89,21.82008,-0.47780
3.9,56.09617,2.09372
3.91,31.32706,-0.53372
3.92,345.90029,3.08634
3.93,304.58638,-4.82780
3.95,28.03925,10.26764
3.95,50.41199,5.28850
3.97,78.52815,18.72401
3.98,359.16577,15.11990
3.98,280.57997,1.80458
3.98,232.41451,-1.85056
3.98,60.13840,-7.73244
3.99,251.17700,-1.54765
3.99,336.82289,-7.23751
3.99,352.94722,11.39636
4,33.72318,-2.07534
4,27.67868,4.26038
4.01,19.11860,0.81770
4.01,233.53300,-16.31430
4.01,181.52978,0.92311
4.02,39.58645,-2.79202
4.02,10.47958,4.41509
4.04,326.76016,42.24142
4.05,197.27076,-14.23791
4.06,290.73398,-1.69558
4.08,141.73489,-7.80986
4.09,51.90691,-3.86708
4.09,275.51769,-1.32562
4.09,318.93219,0.69510
4.1,43.51200,-13.41020
4.1,274.69200,3.54358
4.1,355.16900,4.77620
4.11,328.23837,14.39606
4.11,56.82937,-6.96211
4.12,6.80269,4.16059
4.12,82.53120,-6.26958
4.13,45.72960,-3.81442
4.14,140.23630,6.07666
4.14,62.49376,-0.26996
4.14,11.01770,-2.94670
4.16,328.08301,1.82930
4.16,16.80200,6.96640
4.16,10.07836,-1.51347
4.17,70.52398,11.00695
4.18,51.48355,9.68453
4.18,359.17584,-2.30073
4.18,308.46232,0.43330
4.19,338.18359,-4.87710
4.2,37.89408,-6.30968
4.2,292.44003,4.16750
4.21,279.13901,-3.17510
4.21,328.20041,1.40588
4.21,222.84110,-4.27295
4.22,43.39507,10.41138
4.22,147.87223,4.19524
4.23,325.49662,-4.00626
4.23,0.62529,-1.04646
4.23,340.89534,12.34131
4.23,197.22549,9.99689
4.25,163.15346,-0.84820
4.25,28.89357,-0.29189
4.26,22.18109,-2.40868
4.26,192.53099,7.22133
4.26,327.82232,-7.27658
4.26,327.14870,-1.86397
4.28,188.63669,4.40816
4.28,332.34930,-0.98110
4.29,5.12969,-3.08129
4.3,194.24257,2.59581
4.31,286.35686,2.81830
4.31,147.40051,-2.30686
4.32,337.47414,1.61893
4.32,22.56989,1.05490
4.33,355.44183,-2.46810
4.33,5.03613,3.06949
4.33,275.86853,-2.97998
4.34,232.64480,-1.03535
4.37,0.92415,-4.85332
4.37,336.28818,-6.99155
4.38,1.33324,-1.28905
4.39,2.60864,5.59385
4.42,14.27183,4.21375
4.42,298.48130,2.33846
4.44,238.98864,7.34651
4.44,216.30718,-4.48612
4.44,357.94103,-5.11122
4.44,2.10035,-13.44363
4.44,190.70904,-1.35667
4.45,337.31409,0.63610
4.45,18.08596,20.15181
4.45,63.30053,2.21058
4.46,14.94866,6.46101
4.47,242.64600,-11.60710
4.47,48.94350,4.36620
4.48,265.11422,-4.21123
4.48,342.13863,27.53175
4.48,274.30927,9.11207
4.49,262.65200,-4.61941
4.49,31.72970,1.73814
4.5,139.31100,4.84178
4.5,199.47406,14.37354
4.5,60.33653,-5.02884
4.5,342.22626,-0.38020
4.51,322.41779,-0.17200
4.52,250.42880,-1.32970
4.54,64.52054,3.40738
4.54,38.25794,12.08481
4.55,15.49060,-4.59270
4.55,331.32600,16.82820
4.55,204.88368,-3.57761
4.56,3.65562,-2.35631
4.57,210.37768,1.90396
4.57,113.61506,-6.95406
4.58,45.01804,-12.46453
4.58,302.37280,-0.54150
4.59,275.89347,-1.02280
4.59,46.44442,-4.12519
4.6,309.68179,-4.83870
4.6,37.60116,-5.16328
4.6,300.71064,-2.08678
4.61,100.62216,-5.40227
4.61,24.12265,3.88538
4.62,95.91781,3.59288
4.62,292.82739,0.66000
4.63,285.73439,1.29733
4.64,14.02851,-5.52793
4.64,130.48392,3.15384
4.64,348.07152,6.31633
4.65,273.29538,-3.78737
4.67,58.32967,-10.97887
4.67,21.28910,0.98200
4.67,1.44252,-3.41057
4.67,321.30268,2.83881
4.68,167.46303,-9.11083
4.68,55.36574,6.69193
4.68,234.99513,-1.44211
4.68,291.64025,-4.84257
4.69,55.55537,-1.79697
4.69,354.24751,4.36581
4.7,252.63500,4.45058
4.7,359.49508,-3.46429
4.7,291.43419,19.25775
4.71,72.19912,0.10436
4.71,250.35339,-5.49011
4.73,170.31360,15.87193
4.74,31.06518,-10.89711
4.74,16.62664,7.00015
4.77,313.82639,-5.76270
4.77,297.03339,-4.91170
4.78,226.42569,-3.74400
4.78,114.42106,0.03242
4.78,86.54127,-8.83390
4.78,84.67293,-7.96419
4.79,296.51260,2.73970
4.8,3.17458,-2.17274
4.8,16.90191,-9.69380
4.8,32.08686,-1.78733
4.8,201.95782,-4.65928
4.8,119.36800,0.32993
4.81,159.06004,-15.19059
4.81,355.73342,-3.47257
4.82,353.78858,-12.89737
4.82,313.99319,2.87210
4.83,78.92989,0.76337
4.83,270.16885,24.83555
4.84,2.34620,2.25429
4.84,43.08853,-3.04356
4.85,3.32606,-4.65957
4.85,351.92881,9.04119
4.88,26.79580,-1.04970
4.88,331.31019,-12.16429
4.89,9.66171,10.51425
4.89,30.89317,3.46779
4.9,357.12084,3.61174
4.92,317.57581,0.88190
4.93,351.27480,5.27797
4.93,269.73818,-3.61937
4.94,330.65047,-2.12446
4.95,26.92168,-0.76503
4.95,8.39637,-7.31947
4.96,315.73681,5.56640
4.96,0.48389,-2.92630
4.96,359.99970,-6.85039
4.96,4.93929,4.93622
4.96,4.33245,1.84326
4.97,291.31769,8.40550
4.97,190.39450,-17.75998
4.97,51.07073,3.07509
4.99,2.29132,-9.48065
4.99,329.76810,1.46150
4.99,2.13915,-2.22988
4.99,127.66945,-1.12288
5,229.64094,-2.73050
5.01,358.88608,3.05225
5.02,89.87282,-5.13392
5.05,2.22654,-2.78495
5.05,231.49600,4.35172
5.06,97.68216,-2.45171
5.07,357.27164,-4.54188
5.07,44.32048,-5.66017
5.09,37.78389,-1.33206
5.09,16.01328,-7.62304
5.1,0.59878,-5.39256
5.1,0.41313,-1.98961
5.12,355.47344,-4.09726
5.14,7.81242,-3.70022
5.14,211.22513,-3.53224
5.15,339.09879,0.98920
5.15,347.48744,5.81062
5.16,11.72529,0.26406
5.16,325.99469,-1.76220
5.16,17.63289,2.60977
5.17,337.55137,-5.14056
5.2,283.39910,3.90518
5.2,292.78781,1.98977
5.2,292.80245,1.12589
5.21,4.83440,-1.19460
5.21,348.02995,-13.85319
5.22,4.80641,-5.02379
5.22,357.32753,4.05682
5.23,324.82432,-1.16618
5.23,21.21652,-3.93619
5.23,236.76801,3.56810
5.23,52.23156,7.63445
5.24,117.55572,18.94628
5.24,54.16148,-3.37347
5.25,1.21460,-5.66140
5.25,20.77922,-5.96611
5.27,51.04837,-4.60076
5.27,322.19839,-0.41060
5.28,0.12383,-1.14515
5.29,355.96927,3.62640
5.29,86.91049,-3.48223
5.3,334.84301,-7.46398
5.31,350.90884,4.40218
5.31,73.07110,3.66688
5.31,300.27849,0.66165
5.32,358.24134,3.63424
5.33,12.16410,-11.22030
5.34,5.02300,-3.94442
5.34,299.11810,-0.13660
5.34,357.63289,-3.33211
5.35,0.99370,-3.35980
5.35,357.83319,1.62010
5.39,285.45008,1.50388
5.4,358.65227,-5.57244
5.41,29.21113,-0.06898
5.41,52.43661,-9.90466
5.43,352.95753,-7.59650
5.43,286.34930,-0.71060
5.45,237.32000,-8.39479
5.45,351.19914,4.83634
5.46,357.32876,3.37789
5.47,131.42200,-5.44730
5.47,212.64220,-0.06590
5.47,322.20749,-0.74270
5.48,280.00597,2.98635
5.5,320.33409,-28.88838
5.51,173.51054,3.22686
5.53,288.87899,-5.21551
5.53,55.67135,2.15673
5.56,3.85835,-4.57609
5.56,332.79524,-16.46564
5.57,52.07192,2.73693
5.58,248.58260,10.55310
5.59,32.54850,-0.47380
5.59,28.79079,-3.90466
5.59,357.48251,-3.24774
5.63,29.82160,0.50870
5.65,239.65359,-12.07298
5.67,2.62188,8.19055
5.67,0.35839,-4.65958
5.68,327.84889,-1.67033
5.68,288.73518,8.11456
5.68,61.09431,8.07063
5.69,24.36695,-3.36117
5.7,11.34142,-9.44781
5.7,359.95175,-4.59869
5.71,55.31577,2.71978
5.71,58.95171,1.38920
5.72,275.28156,-2.93515
5.73,245.41568,1.62892
5.75,311.69720,7.34670
5.75,309.02129,0.89059
5.76,316.31118,-1.37527
5.77,321.20959,-3.45810
5.78,358.24315,4.28895
5.79,278.85625,4.99599
5.79,189.89441,7.79282
5.8,322.17649,-6.60308
5.8,197.84943,-3.40007
5.8,279.67471,2.21130
5.81,126.38442,2.99670
5.85,357.99300,-3.84195
5.87,357.60702,1.79539
5.87,4.64872,6.09097
5.87,119.66990,-6.75968
5.87,28.95210,0.25660
5.88,9.89407,-4.63481
5.89,36.95399,-1.18044
5.91,224.36091,-3.42788
5.91,30.50645,-0.21862
5.91,58.23736,4.56321
5.93,19.42271,-13.62480
5.94,3.19286,3.41216
5.95,0.72555,3.24734
5.95,19.94471,0.91260
5.96,75.69607,4.37686
5.97,28.55697,5.18164
5.98,358.51502,-4.22641
5.98,11.00014,6.28422
5.98,4.77609,-11.89561
5.99,355.32739,-3.21240
5.99,6.45460,2.01487
6,228.62421,1.98090
6,0.63567,-1.39791
6,52.54146,-2.95994
6.02,107.60181,-13.32185
6.03,11.79193,-6.65445
6.04,38.11837,-25.46250
6.04,14.65770,1.01250
6.04,6.04049,-3.62040
6.05,32.78375,-2.04185
6.06,76.37256,1.17190
6.07,27.64718,-9.64149
6.07,184.04542,-2.14246
6.08,33.28942,-1.90237
6.1,43.19856,3.81018
6.1,255.71700,3.31482
6.1,101.55136,-0.60083
6.1,308.25999,7.79268
6.11,293.12659,-0.07360
6.11,299.82648,-1.32916
6.11,137.71427,3.30659
6.11,329.55901,-2.27117
6.11,332.25164,3.55987
6.12,248.86072,-8.56371
6.12,316.24747,0.88382
6.14,57.22821,-8.91770
6.14,35.29844,5.20462
6.15,12.21936,4.92278
6.15,350.89440,-2.47210
6.16,19.79517,-4.52704
6.16,343.63946,3.73357
6.16,68.35072,-2.73822
6.17,144.32200,-15.53801
6.17,359.35982,-3.10202
6.19,0.15423,-5.61605
6.19,24.42960,0.96610
6.19,3.78950,-4.65759
6.19,12.46550,2.42240
6.19,4.04410,-2.59730
6.2,355.90384,-4.26922
6.21,335.47078,9.26716
6.21,3.96369,-14.90267
6.22,59.01311,-1.77921
6.22,9.63399,-10.65112
6.24,32.54970,-0.29520
6.24,118.06155,-8.68967
6.24,59.17042,-7.17926
6.25,325.06920,3.27417
6.27,4.97013,-4.96200
6.27,296.39108,-3.07254
6.28,29.83702,-7.86383
6.28,343.64581,3.75460
6.3,14.28280,3.79600
6.3,99.18850,5.72085
6.3,126.62161,1.31769
6.3,358.98462,3.22851
6.31,11.01158,5.89449
6.33,226.80002,5.62715
6.33,19.40562,-5.34255
6.36,352.18764,5.12525
6.37,48.74341,2.39845
6.37,5.88483,-6.14884
6.37,355.79554,-3.09612
6.37,349.80062,4.46609
6.38,178.32662,-2.57124
6.38,285.49168,2.24720
6.4,356.29833,-4.41397
6.42,11.04501,-5.11097
6.42,27.66367,-0.82678
6.44,69.67674,-3.94075
6.44,243.83250,-37.10869
6.45,40.44102,-3.15727
6.46,107.78467,-2.29161
6.46,355.38550,3.79870
6.46,359.71464,-2.69153
6.48,13.00856,-4.31446
6.48,8.34704,14.82920
6.48,7.04182,-6.83984
6.49,0.94972,-2.08623
6.5,0.71193,-3.79136
6.5,347.19919,-0.86920
6.51,18.62984,-2.23814
6.53,359.38552,-1.81380
6.54,34.33936,6.23473
6.54,325.82471,-12.82100
6.55,356.95199,4.55872
6.56,172.11208,0.85442
6.57,3.39245,66.16474
6.57,359.75735,-4.46326
6.58,326.14100,-1.94812
6.59,77.51951,3.69643
6.62,353.28649,-5.27348
6.63,346.33689,-6.89713
6.63,0.39249,-2.82910
6.65,274.62258,2.17610
6.66,4.00733,-11.10181
6.66,6.84400,-8.66807
6.68,356.05460,-4.20510
6.68,0.71256,4.70323
6.68,78.61486,5.22091
6.68,296.46708,-6.90920
6.7,358.22180,3.56540
6.71,20.46815,0.67928
6.71,357.26151,7.28370
6.71,104.40729,-1.60995
6.73,333.46631,-4.36580
6.73,31.26446,5.96802
6.73,7.88296,-4.40740
6.74,324.26708,2.58861
6.74,2.48331,-3.74535
6.75,359.44300,-8.58839
6.77,358.38359,1.20767
6.77,3.61806,3.18475
6.77,347.03189,0.35030
6.79,15.51785,1.03479
6.81,264.41095,-12.77376
6.81,68.09760,10.98660
6.81,343.98578,-5.80164
6.82,52.22133,-4.01074
6.82,331.07535,-2.75014
6.84,10.21120,0.34340
6.85,98.26472,4.90666
6.85,358.35132,3.09059
6.86,25.91542,10.33994
6.87,12.52801,-9.87115
6.88,130.36037,-11.73888
6.89,146.79488,7.60123
6.9,3.62150,-1.34930
6.91,98.17165,2.42836
6.91,268.42592,2.48047
6.94,336.30814,-5.69613
6.94,29.50216,0.62475
6.94,21.90739,2.72758
6.96,299.77781,0.09730
6.97,1.71530,1.30822
6.98,316.77075,-5.79725
6.99,353.67041,1.77540
7,315.78229,-1.14400
7,341.22126,-24.60901
7,22.01789,-4.34365
7.01,21.74314,-0.67263
7.02,9.40464,-9.88787
7.04,357.03426,2.44005
7.08,8.14761,-4.75083
7.09,32.10853,7.07425
7.1,4.08712,-3.00477
7.13,19.64930,0.77410
7.13,30.04590,0.03520
7.13,359.39108,1.40521
7.15,1.24094,2.17148
7.18,359.72049,2.07080
7.18,288.46221,-2.40759
7.19,357.53772,3.25519
7.2,2.14223,1.74503
7.21,338.65799,1.15800
7.22,2.35260,-7.86717
7.25,0.34416,1.56644
7.26,221.74357,5.31728
7.26,0.17629,-1.21404
7.26,68.74299,3.07667
7.27,356.78590,-6.48604
7.27,355.67342,-2.75439
7.29,347.79384,2.05046
7.29,13.31959,32.73542
7.3,4.19931,-4.39826
7.32,324.05688,-1.64530
7.35,315.83060,-5.56830
7.41,296.84930,-0.98450
7.44,1.73599,-4.60547
7.44,0.70247,-2.76023
7.46,351.56623,-6.58661
7.47,324.16724,9.07784
7.47,359.89686,-7.27223
7.52,2.26389,-6.39492
7.53,3.85023,-4.35209
7.58,310.15741,-3.71810
7.59,75.79732,35.83361
7.6,315.43037,5.22146
7.6,283.81816,-4.23874
7.62,291.74021,3.73469
7.63,356.95050,0.91130
7.67,286.04382,-6.55480
7.68,219.33519,1.14974
7.71,307.23261,-9.06228
7.72,274.86011,-5.78160
7.73,2.58188,-1.77167
7.75,2.02296,-6.22479
7.78,59.43307,2.33074
7.78,57.95452,-1.56969
7.79,1.29498,-3.04006
7.81,0.45780,4.41850
7.82,228.50941,-11.46271
7.82,2.03852,-1.38355
7.83,358.69604,1.86347
7.88,359.51994,-1.24412
7.92,53.35396,24.05923
7.93,64.13724,-0.97649
7.94,68.72031,1.91273
7.99,356.55423,-3.97846
8,6.18757,8.36164
8.02,323.55731,1.12160
8.07,6.55292,-3.16250
8.08,32.54622,-0.03317
8.09,33.97789,-0.98503
8.09,351.77031,-6.66820
8.1,2.11514,-4.20456
8.14,42.96902,-6.92015
8.17,357.22755,7.41034
8.17,23.54930,-0.13670
8.18,356.52469,2.28600
8.19,23.44020,0.74540
8.19,270.11744,-2.95032
8.25,228.83038,5.36683
8.28,353.06909,8.41640
8.3,104.11122,1.00115
8.3,59.30350,-1.72635
8.3,2.68096,-3.46836
8.3,2.79649,1.69459
8.31,294.93385,-4.34375
8.31,322.46886,-0.17785
8.35,3.55660,1.35420
8.35,34.79070,-6.26490
8.36,25.96803,-10.95527
8.36,91.64882,-4.83735
8.41,235.38338,-3.92032
8.45,96.31663,2.34698
8.48,142.14967,3.48734
8.49,129.54900,4.56161
8.51,321.30644,-16.78071
8.57,357.14235,1.98973
8.6,278.61684,-6.74132
8.61,355.10609,-6.95088
8.61,345.03694,-4.93067
8.62,100.03222,-8.76203
8.67,2.35209,-3.41247
8.68,16.41570,-0.92990
8.69,327.82900,-0.88807
8.73,320.67749,-4.88100
8.75,58.17442,-3.70465
8.82,14.44123,-6.14798
8.83,357.40700,-7.26954
8.83,348.47260,4.91610
8.86,308.18170,-0.58470
8.87,297.05001,1.09675
8.88,212.03301,4.35595
8.89,45.77374,1.45349
8.89,8.64720,-7.01798
8.93,355.92184,2.77373
8.93,336.55420,5.50930
8.96,25.92688,-0.98458
8.99,26.04440,-1.07103
9.02,132.47373,4.70305
9.08,2.01230,0.74400
9.11,337.68259,0.76860
9.14,242.52499,-5.94860
9.14,358.98691,-3.74696
9.15,27.77178,-0.63523
9.19,359.89410,5.62198
9.2,55.19506,-1.81169
9.2,355.01999,2.67740
9.25,275.39154,-4.69918
9.28,84.06671,-4.43944
9.34,27.81840,-0.76630
9.37,358.90521,-2.18120
9.37,48.51535,4.24331
9.39,329.52341,-0.79630
9.42,95.22053,0.77930
9.42,0.16601,17.24877
9.43,331.86841,-2.34680
9.45,4.04188,-5.80567
9.49,107.44232,-2.62373
9.5,1.71358,-4.45532
9.5,356.15525,2.76500
9.52,11.13910,11.55092
9.55,273.28809,-2.65100
9.56,41.27141,-0.69664
9.57,242.68232,-4.48737
9.62,10.77034,-6.47702
9.71,299.37341,-1.13530
9.72,49.53710,-1.49728
9.8,3.70175,7.93689
9.86,302.05731,-1.60900
9.99,355.18218,-2.91519
10,355.27489,-2.54294
10,273.19940,-0.39410
10,305.36761,-3.15790
10.01,305.59940,-0.89840
10.09,1.82220,-3.70660
10.09,240.36981,-7.62917
10.17,263.04807,-5.57067
10.27,21.01193,-4.04647
10.3,65.02190,-27.31158
10.31,332.02499,-1.03550
10.34,357.18354,-4.78857
10.36,0.22874,6.15403
10.36,17.58860,1.06820
10.4,356.98437,4.44292
10.62,308.54700,2.49053
10.65,297.03540,6.49800
10.69,295.32620,-9.35076
10.8,70.89168,2.41755
10.81,52.96187,2.73136
10.9,297.45506,3.71115
10.93,306.60669,-0.69780
10.94,27.88610,0.50290
11.02,9.30355,-6.52688
11.08,309.85431,-1.59890
11.11,205.87404,-26.73105
11.12,333.04620,5.03050
11.19,343.42365,11.94919
11.24,59.06268,4.63926
11.3,8.28669,6.87399
11.35,303.67841,0.59240
11.48,2.69225,4.21375
11.57,151.40162,0.51129
11.6,32.93958,-0.74775
11.71,106.62473,-4.20083
11.73,95.12210,-2.00695
11.87,257.81210,-6.95030
11.89,88.71361,4.61954
11.91,359.29607,4.76209
11.97,56.40163,-0.90340
12.04,297.56729,1.02310
12.11,356.81127,-5.48858
12.12,72.31553,-5.35835
12.13,58.63306,-3.61715
12.24,16.86160,-1.73480
12.4,332.30158,-4.26094
12.42,347.80679,-1.14260
12.47,47.10246,4.11722
12.48,289.81916,7.77628
12.49,326.05273,-6.54664
12.5,346.88339,-0.71040
12.5,301.12671,-0.48480
12.5,60.47773,1.59047
12.51,304.86021,5.16122
12.6,52.90262,-2.78511
12.69,91.66699,-1.04723
12.7,178.13108,-4.04106
12.71,327.72480,-5.49068
12.71,325.67441,-1.88700
12.86,3.89479,-17.19520
12.87,153.77028,-1.40651
12.92,357.17795,-6.17793
13.07,327.57758,13.33029
13.07,4.24536,-3.25896
13.09,313.46039,6.22080
13.11,65.49389,3.17927
13.36,327.88686,-6.13695
13.41,60.52362,-0.31834
13.42,119.28001,4.69828
13.6,353.52344,-5.00224
13.62,3.26083,-4.42666
13.74,296.77121,-0.21100
13.84,26.83260,-0.15170
13.96,232.01925,5.72609
14.21,82.53439,11.34933
14.32,33.45440,-0.61491
14.67,359.00603,-4.16861
14.92,32.37770,-0.55480
14.97,67.80910,1.84791
15.05,184.60722,0.66700
15.08,184.89139,4.40446
15.4,356.89518,3.32118
15.7,67.90798,-0.24937
16.83,49.30850,88.14752
17.35,6.07275,-41.91790
17.38,61.94420,41.39125
21,135.99576,55.96638
22.83,108.37097,-76.18578
26,6.87184,-19.86387
26,5.20597,-18.69081
26,4.87118,-22.72651
